{
    "Coordinates": {
        "Player": {
            "1": {
                "BBox": [
                    384,
                    502,
                    407,
                    558
                ],
                "Confidence": 0.8957948088645935,
                "Bottom_center": [
                    395,
                    558
                ],
                "Transformed_Coordinates": [
                    44,
                    11
                ]
            },
            "7": {
                "BBox": [
                    633,
                    436,
                    647,
                    487
                ],
                "Confidence": 0.7583542466163635,
                "Bottom_center": [
                    640,
                    487
                ],
                "Transformed_Coordinates": [
                    52,
                    18
                ]
            },
            "14": {
                "BBox": [
                    601,
                    572,
                    629,
                    640
                ],
                "Confidence": 0.9074569940567017,
                "Bottom_center": [
                    615,
                    640
                ],
                "Transformed_Coordinates": [
                    51,
                    5
                ]
            },
            "19": {
                "BBox": [
                    628,
                    524,
                    646,
                    585
                ],
                "Confidence": 0.8201250433921814,
                "Bottom_center": [
                    637,
                    585
                ],
                "Transformed_Coordinates": [
                    52,
                    9
                ]
            },
            "24": {
                "BBox": [
                    446,
                    377,
                    465,
                    424
                ],
                "Confidence": 0.8811489939689636,
                "Bottom_center": [
                    455,
                    424
                ],
                "Transformed_Coordinates": [
                    44,
                    25
                ]
            },
            "32": {
                "BBox": [
                    116,
                    324,
                    133,
                    361
                ],
                "Confidence": 0.8816649913787842,
                "Bottom_center": [
                    124,
                    361
                ],
                "Transformed_Coordinates": [
                    29,
                    34
                ]
            },
            "34": {
                "BBox": [
                    657,
                    321,
                    670,
                    365
                ],
                "Confidence": 0.8664010763168335,
                "Bottom_center": [
                    663,
                    365
                ],
                "Transformed_Coordinates": [
                    53,
                    33
                ]
            },
            "8": {
                "BBox": [
                    1065,
                    387,
                    1091,
                    426
                ],
                "Confidence": 0.6681572794914246,
                "Bottom_center": [
                    1078,
                    426
                ],
                "Transformed_Coordinates": [
                    69,
                    25
                ]
            },
            "43": {
                "BBox": [
                    630,
                    265,
                    641,
                    299
                ],
                "Confidence": 0.7797263264656067,
                "Bottom_center": [
                    635,
                    299
                ],
                "Transformed_Coordinates": [
                    51,
                    45
                ]
            },
            "46": {
                "BBox": [
                    864,
                    343,
                    881,
                    387
                ],
                "Confidence": 0.8836838006973267,
                "Bottom_center": [
                    872,
                    387
                ],
                "Transformed_Coordinates": [
                    62,
                    30
                ]
            },
            "48": {
                "BBox": [
                    1005,
                    298,
                    1022,
                    340
                ],
                "Confidence": 0.8758188486099243,
                "Bottom_center": [
                    1013,
                    340
                ],
                "Transformed_Coordinates": [
                    69,
                    37
                ]
            },
            "64": {
                "BBox": [
                    318,
                    351,
                    337,
                    397
                ],
                "Confidence": 0.8871189951896667,
                "Bottom_center": [
                    327,
                    397
                ],
                "Transformed_Coordinates": [
                    39,
                    29
                ]
            },
            "68": {
                "BBox": [
                    850,
                    453,
                    870,
                    507
                ],
                "Confidence": 0.8893621563911438,
                "Bottom_center": [
                    860,
                    507
                ],
                "Transformed_Coordinates": [
                    60,
                    16
                ]
            },
            "70": {
                "BBox": [
                    729,
                    266,
                    742,
                    302
                ],
                "Confidence": 0.8793938159942627,
                "Bottom_center": [
                    735,
                    302
                ],
                "Transformed_Coordinates": [
                    56,
                    44
                ]
            },
            "74": {
                "BBox": [
                    607,
                    277,
                    620,
                    312
                ],
                "Confidence": 0.8885965347290039,
                "Bottom_center": [
                    613,
                    312
                ],
                "Transformed_Coordinates": [
                    50,
                    42
                ]
            },
            "75": {
                "BBox": [
                    837,
                    385,
                    854,
                    435
                ],
                "Confidence": 0.8852818608283997,
                "Bottom_center": [
                    845,
                    435
                ],
                "Transformed_Coordinates": [
                    60,
                    24
                ]
            },
            "77": {
                "BBox": [
                    663,
                    280,
                    677,
                    310
                ],
                "Confidence": 0.839844822883606,
                "Bottom_center": [
                    670,
                    310
                ],
                "Transformed_Coordinates": [
                    53,
                    43
                ]
            },
            "17": {
                "BBox": [
                    902,
                    324,
                    917,
                    361
                ],
                "Confidence": 0.8791275024414062,
                "Bottom_center": [
                    909,
                    361
                ],