{
    "Coordinates": {
        "Player": {
            "7": {
                "BBox": [
                    627,
                    416,
                    644,
                    469
                ],
                "Confidence": 0.7738476991653442,
                "Bottom_center": [
                    635,
                    469
                ],
                "Transformed_Coordinates": [
                    52,
                    19
                ]
            },
            "14": {
                "BBox": [
                    624,
                    591,
                    649,
                    662
                ],
                "Confidence": 0.8624622225761414,
                "Bottom_center": [
                    636,
                    662
                ],
                "Transformed_Coordinates": [
                    52,
                    6
                ]
            },
            "19": {
                "BBox": [
                    625,
                    508,
                    649,
                    575
                ],
                "Confidence": 0.8735793828964233,
                "Bottom_center": [
                    637,
                    575
                ],
                "Transformed_Coordinates": [
                    52,
                    11
                ]
            },
            "24": {
                "BBox": [
                    472,
                    376,
                    495,
                    409
                ],
                "Confidence": 0.7726088762283325,
                "Bottom_center": [
                    483,
                    409
                ],
                "Transformed_Coordinates": [
                    46,
                    26
                ]
            },
            "32": {
                "BBox": [
                    116,
                    308,
                    134,
                    343
                ],
                "Confidence": 0.873066246509552,
                "Bottom_center": [
                    125,
                    343
                ],
                "Transformed_Coordinates": [
                    28,
                    35
                ]
            },
            "34": {
                "BBox": [
                    669,
                    304,
                    682,
                    349
                ],
                "Confidence": 0.8771413564682007,
                "Bottom_center": [
                    675,
                    349
                ],
                "Transformed_Coordinates": [
                    53,
                    33
                ]
            },
            "8": {
                "BBox": [
                    1067,
                    370,
                    1095,
                    401
                ],
                "Confidence": 0.7288004755973816,
                "Bottom_center": [
                    1081,
                    401
                ],
                "Transformed_Coordinates": [
                    69,
                    27
                ]
            },
            "64": {
                "BBox": [
                    329,
                    316,
                    345,
                    359
                ],
                "Confidence": 0.8806483745574951,
                "Bottom_center": [
                    337,
                    359
                ],
                "Transformed_Coordinates": [
                    38,
                    32
                ]
            },
            "74": {
                "BBox": [
                    627,
                    258,
                    638,
                    294
                ],
                "Confidence": 0.730919599533081,
                "Bottom_center": [
                    632,
                    294
                ],
                "Transformed_Coordinates": [
                    51,
                    43
                ]
            },
            "75": {
                "BBox": [
                    813,
                    393,
                    830,
                    444
                ],
                "Confidence": 0.8856995105743408,
                "Bottom_center": [
                    821,
                    444
                ],
                "Transformed_Coordinates": [
                    58,
                    22
                ]
            },
            "77": {
                "BBox": [
                    687,
                    251,
                    701,
                    289
                ],
                "Confidence": 0.8778737783432007,
                "Bottom_center": [
                    694,
                    289
                ],
                "Transformed_Coordinates": [
                    54,
                    44
                ]
            },
            "13": {
                "BBox": [
                    1062,
                    290,
                    1078,
                    330
                ],
                "Confidence": 0.8209195137023926,
                "Bottom_center": [
                    1070,
                    330
                ],
                "Transformed_Coordinates": [
                    71,
                    36
                ]
            },
            "91": {
                "BBox": [
                    824,
                    472,
                    845,
                    530
                ],
                "Confidence": 0.893814206123352,
                "Bottom_center": [
                    834,
                    530
                ],
                "Transformed_Coordinates": [
                    58,
                    14
                ]
            },
            "93": {
                "BBox": [
                    347,
                    494,
                    372,
                    551
                ],
                "Confidence": 0.9023331999778748,
                "Bottom_center": [
                    359,
                    551
                ],
                "Transformed_Coordinates": [
                    43,
                    13
                ]
            },
            "17": {
                "BBox": [
                    905,
                    309,
                    917,
                    347
                ],
                "Confidence": 0.8467689156532288,
                "Bottom_center": [
                    911,
                    347
                ],
                "Transformed_Coordinates": [
                    64,
                    34
                ]
            }
        }
    },
    "Time": "0.000000:1.000000",
    "Keypoints": {
        "T_TOUCH_AND_HALFWAY_LINES_INTERSECTION": [
            648,
            193
        ],
        "CENTER_CIRCLE_TANGENT_TR": [
            839,
            328
        ],
        "CENTER_CIRCLE_TANGENT_TL": [
            449,
            328
        ],
        "CENTER_CIRCLE_TANGENT_BR": [
            855,
            361
        ],
        "CENTER_CIRCLE_TANGENT_BL": [
            438,
            360
        ],
        "CENTER_CIRCLE_TL": [
            515,
            306
        ],
        "CENTER_CIRCLE_BR": [
            805,
            394
        ],
        "CENTER_CIRCLE_BL": [
            486,
            393
        ],
        "CENTER_CIRCLE_R": [
            856,
            345
        ],
        "CENTER_CIRCLE_L": [
            439,
            344
        ],
        "T_HALFWAY_LINE_AND_CENTER_CIRCLE_INTERSECTION": [
            648,
            290
        ],
        "B_HALFWAY_LINE_AND_CENTER_CIRCLE_INTERSECTION": [
            642,
            414
        ],
        "CENTER_MARK": [
            648,
            345
        ]
    },