{
    "Coordinates": {
        "Player": {
            "1": {
                "BBox": [
                    362,
                    479,
                    382,
                    532
                ],
                "Confidence": 0.897345781326294,
                "Bottom_center": [
                    372,
                    532
                ],
                "Transformed_Coordinates": [
                    43,
                    14
                ]
            },
            "2": {
                "BBox": [
                    269,
                    359,
                    285,
                    405
                ],
                "Confidence": 0.8771316409111023,
                "Bottom_center": [
                    277,
                    405
                ],
                "Transformed_Coordinates": [
                    37,
                    28
                ]
            },
            "3": {
                "BBox": [
                    522,
                    286,
                    533,
                    321
                ],
                "Confidence": 0.8812206387519836,
                "Bottom_center": [
                    527,
                    321
                ],
                "Transformed_Coordinates": [
                    46,
                    40
                ]
            },
            "4": {
                "BBox": [
                    601,
                    302,
                    616,
                    342
                ],
                "Confidence": 0.8872489333152771,
                "Bottom_center": [
                    608,
                    342
                ],
                "Transformed_Coordinates": [
                    50,
                    37
                ]
            },
            "5": {
                "BBox": [
                    120,
                    322,
                    137,
                    361
                ],
                "Confidence": 0.8884750008583069,
                "Bottom_center": [
                    128,
                    361
                ],
                "Transformed_Coordinates": [
                    29,
                    34
                ]
            },
            "6": {
                "BBox": [
                    379,
                    339,
                    394,
                    384
                ],
                "Confidence": 0.8776265382766724,
                "Bottom_center": [
                    386,
                    384
                ],
                "Transformed_Coordinates": [
                    41,
                    30
                ]
            },
            "7": {
                "BBox": [
                    631,
                    426,
                    646,
                    479
                ],
                "Confidence": 0.7776983976364136,
                "Bottom_center": [
                    638,
                    479
                ],
                "Transformed_Coordinates": [
                    52,
                    19
                ]
            },
            "10": {
                "BBox": [
                    739,
                    269,
                    750,
                    303
                ],
                "Confidence": 0.7338932752609253,
                "Bottom_center": [
                    744,
                    303
                ],
                "Transformed_Coordinates": [
                    57,
                    44
                ]
            },
            "13": {
                "BBox": [
                    995,
                    329,
                    1012,
                    379
                ],
                "Confidence": 0.775348424911499,
                "Bottom_center": [
                    1003,
                    379
                ],
                "Transformed_Coordinates": [
                    67,
                    31
                ]
            },
            "14": {
                "BBox": [
                    595,
                    572,
                    639,
                    638
                ],
                "Confidence": 0.8459139466285706,
                "Bottom_center": [
                    617,
                    638
                ],
                "Transformed_Coordinates": [
                    51,
                    5
                ]
            },
            "15": {
                "BBox": [
                    958,
                    289,
                    973,
                    326
                ],
                "Confidence": 0.8833732008934021,
                "Bottom_center": [
                    965,
                    326
                ],
                "Transformed_Coordinates": [
                    67,
                    40
                ]
            },
            "16": {
                "BBox": [
                    736,
                    308,
                    750,
                    348
                ],
                "Confidence": 0.8407785296440125,
                "Bottom_center": [
                    743,
                    348
                ],
                "Transformed_Coordinates": [
                    56,
                    36
                ]
            },
            "17": {
                "BBox": [
                    842,
                    302,
                    854,
                    341
                ],
                "Confidence": 0.8615795969963074,
                "Bottom_center": [
                    848,
                    341
                ],
                "Transformed_Coordinates": [
                    61,
                    37
                ]
            },
            "18": {
                "BBox": [
                    867,
                    354,
                    886,
                    399
                ],
                "Confidence": 0.8731757998466492,
                "Bottom_center": [
                    876,
                    399
                ],
                "Transformed_Coordinates": [
                    62,
                    28
                ]
            },
            "19": {
                "BBox": [
                    628,
                    509,
                    648,
                    571
                ],
                "Confidence": 0.8535192012786865,
                "Bottom_center": [
                    638,
                    571
                ],
                "Transformed_Coordinates": [
                    52,
                    10
                ]
            },
            "20": {
                "BBox": [
                    789,
                    392,
                    806,
                    441
                ],
                "Confidence": 0.8817406296730042,
                "Bottom_center": [
                    797,
                    441
                ],
                "Transformed_Coordinates": [
                    58,
                    23
                ]
            },
            "21": {
                "BBox": [
                    1004,
                    352,
                    1021,
                    398
                ],
                "Confidence": 0.6399859189987183,
                "Bottom_center": [
                    1012,
                    398
                ],
                "Transformed_Coordinates": [
                    67,
                    28
                ]
            },
            "12": {
                "BBox": [
                    891,
                    334,
                    905,
                    369
                ],
                "Confidence": 0.8545921444892883,
                "Bottom_center": [
                    898,
                    369
                ],
                "Transformed_Coordinates": [
                    63,
                    33
                ]
            },