{
    "Coordinates": {
        "Player": {
            "1": {
                "BBox": [
                    361,
                    480,
                    382,
                    534
                ],
                "Confidence": 0.9000991582870483,
                "Bottom_center": [
                    371,
                    534
                ],
                "Transformed_Coordinates": [
                    43,
                    14
                ]
            },
            "2": {
                "BBox": [
                    269,
                    359,
                    285,
                    405
                ],
                "Confidence": 0.8803054094314575,
                "Bottom_center": [
                    277,
                    405
                ],
                "Transformed_Coordinates": [
                    37,
                    28
                ]
            },
            "3": {
                "BBox": [
                    524,
                    286,
                    534,
                    321
                ],
                "Confidence": 0.8684902191162109,
                "Bottom_center": [
                    529,
                    321
                ],
                "Transformed_Coordinates": [
                    46,
                    41
                ]
            },
            "4": {
                "BBox": [
                    603,
                    302,
                    617,
                    342
                ],
                "Confidence": 0.8848938345909119,
                "Bottom_center": [
                    610,
                    342
                ],
                "Transformed_Coordinates": [
                    50,
                    37
                ]
            },
            "5": {
                "BBox": [
                    119,
                    323,
                    137,
                    361
                ],
                "Confidence": 0.8839915990829468,
                "Bottom_center": [
                    128,
                    361
                ],
                "Transformed_Coordinates": [
                    29,
                    34
                ]
            },
            "6": {
                "BBox": [
                    381,
                    340,
                    395,
                    384
                ],
                "Confidence": 0.8774316310882568,
                "Bottom_center": [
                    388,
                    384
                ],
                "Transformed_Coordinates": [
                    41,
                    30
                ]
            },
            "7": {
                "BBox": [
                    631,
                    426,
                    646,
                    479
                ],
                "Confidence": 0.8091110587120056,
                "Bottom_center": [
                    638,
                    479
                ],
                "Transformed_Coordinates": [
                    52,
                    19
                ]
            },
            "10": {
                "BBox": [
                    737,
                    267,
                    748,
                    302
                ],
                "Confidence": 0.5561496019363403,
                "Bottom_center": [
                    742,
                    302
                ],
                "Transformed_Coordinates": [
                    57,
                    44
                ]
            },
            "13": {
                "BBox": [
                    996,
                    330,
                    1013,
                    378
                ],
                "Confidence": 0.7459554076194763,
                "Bottom_center": [
                    1004,
                    378
                ],
                "Transformed_Coordinates": [
                    67,
                    31
                ]
            },
            "14": {
                "BBox": [
                    606,
                    572,
                    639,
                    638
                ],
                "Confidence": 0.5439959764480591,
                "Bottom_center": [
                    622,
                    638
                ],
                "Transformed_Coordinates": [
                    51,
                    5
                ]
            },
            "15": {
                "BBox": [
                    959,
                    289,
                    974,
                    326
                ],
                "Confidence": 0.8860989809036255,
                "Bottom_center": [
                    966,
                    326
                ],
                "Transformed_Coordinates": [
                    67,
                    40
                ]
            },
            "16": {
                "BBox": [
                    734,
                    308,
                    749,
                    347
                ],
                "Confidence": 0.8388064503669739,
                "Bottom_center": [
                    741,
                    347
                ],
                "Transformed_Coordinates": [
                    56,
                    36
                ]
            },
            "17": {
                "BBox": [
                    842,
                    302,
                    854,
                    342
                ],
                "Confidence": 0.8648871779441833,
                "Bottom_center": [
                    848,
                    342
                ],
                "Transformed_Coordinates": [
                    61,
                    37
                ]
            },
            "18": {
                "BBox": [
                    865,
                    354,
                    885,
                    399
                ],
                "Confidence": 0.8719586133956909,
                "Bottom_center": [
                    875,
                    399
                ],
                "Transformed_Coordinates": [
                    61,
                    28
                ]
            },
            "19": {
                "BBox": [
                    628,
                    509,
                    650,
                    571
                ],
                "Confidence": 0.8523279428482056,
                "Bottom_center": [
                    639,
                    571
                ],
                "Transformed_Coordinates": [
                    52,
                    10
                ]
            },
            "20": {
                "BBox": [
                    788,
                    393,
                    805,
                    442
                ],
                "Confidence": 0.8860288858413696,
                "Bottom_center": [
                    796,
                    442
                ],
                "Transformed_Coordinates": [
                    58,
                    23
                ]
            },
            "21": {
                "BBox": [
                    1004,
                    353,
                    1021,
                    398
                ],
                "Confidence": 0.6385926604270935,
                "Bottom_center": [
                    1012,
                    398
                ],
                "Transformed_Coordinates": [
                    67,
                    28
                ]
            },
            "24": {
                "BBox": [
                    892,
                    334,
                    906,
                    371
                ],
                "Confidence": 0.8723121285438538,
                "Bottom_center": [
                    899,
                    371
                ],
                "Transformed_Coordinates": [
                    63,
                    32
                ]
            },