{
    "Coordinates": {
        "Player": {
            "1": {
                "BBox": [
                    371,
                    475,
                    388,
                    527
                ],
                "Confidence": 0.8837838172912598,
                "Bottom_center": [
                    379,
                    527
                ],
                "Transformed_Coordinates": [
                    43,
                    14
                ]
            },
            "2": {
                "BBox": [
                    276,
                    354,
                    292,
                    401
                ],
                "Confidence": 0.8821752667427063,
                "Bottom_center": [
                    284,
                    401
                ],
                "Transformed_Coordinates": [
                    37,
                    28
                ]
            },
            "3": {
                "BBox": [
                    508,
                    289,
                    521,
                    323
                ],
                "Confidence": 0.8853583931922913,
                "Bottom_center": [
                    514,
                    323
                ],
                "Transformed_Coordinates": [
                    46,
                    40
                ]
            },
            "4": {
                "BBox": [
                    591,
                    297,
                    608,
                    338
                ],
                "Confidence": 0.8774423003196716,
                "Bottom_center": [
                    599,
                    338
                ],
                "Transformed_Coordinates": [
                    50,
                    38
                ]
            },
            "5": {
                "BBox": [
                    132,
                    321,
                    146,
                    360
                ],
                "Confidence": 0.8858283758163452,
                "Bottom_center": [
                    139,
                    360
                ],
                "Transformed_Coordinates": [
                    30,
                    34
                ]
            },
            "6": {
                "BBox": [
                    379,
                    331,
                    393,
                    375
                ],
                "Confidence": 0.883631706237793,
                "Bottom_center": [
                    386,
                    375
                ],
                "Transformed_Coordinates": [
                    41,
                    32
                ]
            },
            "7": {
                "BBox": [
                    625,
                    421,
                    643,
                    471
                ],
                "Confidence": 0.8679876923561096,
                "Bottom_center": [
                    634,
                    471
                ],
                "Transformed_Coordinates": [
                    52,
                    20
                ]
            },
            "10": {
                "BBox": [
                    758,
                    274,
                    769,
                    309
                ],
                "Confidence": 0.8343244791030884,
                "Bottom_center": [
                    763,
                    309
                ],
                "Transformed_Coordinates": [
                    58,
                    43
                ]
            },
            "13": {
                "BBox": [
                    988,
                    325,
                    1005,
                    371
                ],
                "Confidence": 0.805614709854126,
                "Bottom_center": [
                    996,
                    371
                ],
                "Transformed_Coordinates": [
                    67,
                    32
                ]
            },
            "14": {
                "BBox": [
                    610,
                    567,
                    641,
                    637
                ],
                "Confidence": 0.8295863270759583,
                "Bottom_center": [
                    625,
                    637
                ],
                "Transformed_Coordinates": [
                    51,
                    5
                ]
            },
            "15": {
                "BBox": [
                    950,
                    291,
                    966,
                    328
                ],
                "Confidence": 0.8863415718078613,
                "Bottom_center": [
                    958,
                    328
                ],
                "Transformed_Coordinates": [
                    67,
                    39
                ]
            },
            "16": {
                "BBox": [
                    751,
                    316,
                    764,
                    356
                ],
                "Confidence": 0.8530523777008057,
                "Bottom_center": [
                    757,
                    356
                ],
                "Transformed_Coordinates": [
                    57,
                    35
                ]
            },
            "17": {
                "BBox": [
                    845,
                    303,
                    860,
                    342
                ],
                "Confidence": 0.8531658053398132,
                "Bottom_center": [
                    852,
                    342
                ],
                "Transformed_Coordinates": [
                    61,
                    37
                ]
            },
            "18": {
                "BBox": [
                    883,
                    349,
                    902,
                    395
                ],
                "Confidence": 0.7714994549751282,
                "Bottom_center": [
                    892,
                    395
                ],
                "Transformed_Coordinates": [
                    62,
                    29
                ]
            },
            "19": {
                "BBox": [
                    625,
                    506,
                    648,
                    567
                ],
                "Confidence": 0.8421264886856079,
                "Bottom_center": [
                    636,
                    567
                ],
                "Transformed_Coordinates": [
                    52,
                    10
                ]
            },
            "20": {
                "BBox": [
                    794,
                    384,
                    812,
                    430
                ],
                "Confidence": 0.8815706968307495,
                "Bottom_center": [
                    803,
                    430
                ],
                "Transformed_Coordinates": [
                    58,
                    24
                ]
            },
            "21": {
                "BBox": [
                    998,
                    347,
                    1014,
                    398
                ],
                "Confidence": 0.6851205229759216,
                "Bottom_center": [
                    1006,
                    398
                ],
                "Transformed_Coordinates": [
                    67,
                    28
                ]
            },
            "12": {
                "BBox": [
                    884,
                    328,
                    903,
                    369
                ],
                "Confidence": 0.5715566873550415,
                "Bottom_center": [
                    893,
                    369
                ],
                "Transformed_Coordinates": [
                    63,
                    33
                ]
            },