{
    "Coordinates": {
        "Player": {
            "7": {
                "BBox": [
                    631,
                    384,
                    648,
                    436
                ],
                "Confidence": 0.8584035634994507,
                "Bottom_center": [
                    639,
                    436
                ],
                "Transformed_Coordinates": [
                    52,
                    19
                ]
            },
            "19": {
                "BBox": [
                    624,
                    483,
                    646,
                    546
                ],
                "Confidence": 0.8980845212936401,
                "Bottom_center": [
                    635,
                    546
                ],
                "Transformed_Coordinates": [
                    52,
                    9
                ]
            },
            "24": {
                "BBox": [
                    553,
                    348,
                    570,
                    394
                ],
                "Confidence": 0.8812350034713745,
                "Bottom_center": [
                    561,
                    394
                ],
                "Transformed_Coordinates": [
                    49,
                    23
                ]
            },
            "34": {
                "BBox": [
                    677,
                    285,
                    688,
                    327
                ],
                "Confidence": 0.5526198744773865,
                "Bottom_center": [
                    682,
                    327
                ],
                "Transformed_Coordinates": [
                    54,
                    33
                ]
            },
            "8": {
                "BBox": [
                    1152,
                    351,
                    1171,
                    396
                ],
                "Confidence": 0.851017951965332,
                "Bottom_center": [
                    1161,
                    396
                ],
                "Transformed_Coordinates": [
                    72,
                    23
                ]
            },
            "43": {
                "BBox": [
                    637,
                    230,
                    650,
                    260
                ],
                "Confidence": 0.4153955280780792,
                "Bottom_center": [
                    643,
                    260
                ],
                "Transformed_Coordinates": [
                    52,
                    45
                ]
            },
            "74": {
                "BBox": [
                    619,
                    242,
                    628,
                    276
                ],
                "Confidence": 0.8498456478118896,
                "Bottom_center": [
                    623,
                    276
                ],
                "Transformed_Coordinates": [
                    51,
                    42
                ]
            },
            "75": {
                "BBox": [
                    755,
                    362,
                    770,
                    410
                ],
                "Confidence": 0.8485815525054932,
                "Bottom_center": [
                    762,
                    410
                ],
                "Transformed_Coordinates": [
                    56,
                    21
                ]
            },
            "77": {
                "BBox": [
                    639,
                    245,
                    656,
                    273
                ],
                "Confidence": 0.6637613773345947,
                "Bottom_center": [
                    647,
                    273
                ],
                "Transformed_Coordinates": [
                    52,
                    42
                ]
            },
            "117": {
                "BBox": [
                    810,
                    237,
                    823,
                    271
                ],
                "Confidence": 0.8726298213005066,
                "Bottom_center": [
                    816,
                    271
                ],
                "Transformed_Coordinates": [
                    61,
                    43
                ]
            },
            "10": {
                "BBox": [
                    878,
                    292,
                    889,
                    328
                ],
                "Confidence": 0.7872606515884399,
                "Bottom_center": [
                    883,
                    328
                ],
                "Transformed_Coordinates": [
                    63,
                    32
                ]
            },
            "119": {
                "BBox": [
                    381,
                    464,
                    402,
                    519
                ],
                "Confidence": 0.8946465849876404,
                "Bottom_center": [
                    391,
                    519
                ],
                "Transformed_Coordinates": [
                    44,
                    11
                ]
            },
            "124": {
                "BBox": [
                    1217,
                    476,
                    1236,
                    534
                ],
                "Confidence": 0.8665421605110168,
                "Bottom_center": [
                    1226,
                    534
                ],
                "Transformed_Coordinates": [
                    70,
                    10
                ]
            },
            "128": {
                "BBox": [
                    132,
                    286,
                    143,
                    327
                ],
                "Confidence": 0.8266542553901672,
                "Bottom_center": [
                    137,
                    327
                ],
                "Transformed_Coordinates": [
                    29,
                    33
                ]
            },
            "136": {
                "BBox": [
                    844,
                    460,
                    863,
                    515
                ],
                "Confidence": 0.8879310488700867,
                "Bottom_center": [
                    853,
                    515
                ],
                "Transformed_Coordinates": [
                    59,
                    11
                ]
            },
            "14": {
                "BBox": [
                    594,
                    635,
                    626,
                    709
                ],
                "Confidence": 0.9102270603179932,
                "Bottom_center": [
                    610,
                    709
                ],
                "Transformed_Coordinates": [
                    51,
                    0
                ]
            },
            "64": {
                "BBox": [
                    286,
                    328,
                    299,
                    372
                ],
                "Confidence": 0.8785392045974731,
                "Bottom_center": [
                    292,
                    372
                ],
                "Transformed_Coordinates": [
                    38,
                    26
                ]
            },
            "121": {
                "BBox": [
                    1141,
                    284,
                    1160,
                    325
                ],
                "Confidence": 0.7877190113067627,
                "Bottom_center": [
                    1150,
                    325
                ],