{
    "Coordinates": {
        "Player": {
            "7": {
                "BBox": [
                    632,
                    384,
                    652,
                    436
                ],
                "Confidence": 0.882280170917511,
                "Bottom_center": [
                    642,
                    436
                ],
                "Transformed_Coordinates": [
                    52,
                    19
                ]
            },
            "19": {
                "BBox": [
                    621,
                    494,
                    652,
                    551
                ],
                "Confidence": 0.8872424960136414,
                "Bottom_center": [
                    636,
                    551
                ],
                "Transformed_Coordinates": [
                    52,
                    9
                ]
            },
            "24": {
                "BBox": [
                    556,
                    354,
                    572,
                    400
                ],
                "Confidence": 0.8833831548690796,
                "Bottom_center": [
                    564,
                    400
                ],
                "Transformed_Coordinates": [
                    49,
                    23
                ]
            },
            "34": {
                "BBox": [
                    644,
                    287,
                    670,
                    326
                ],
                "Confidence": 0.8142115473747253,
                "Bottom_center": [
                    657,
                    326
                ],
                "Transformed_Coordinates": [
                    52,
                    33
                ]
            },
            "8": {
                "BBox": [
                    1147,
                    351,
                    1165,
                    397
                ],
                "Confidence": 0.8846688866615295,
                "Bottom_center": [
                    1156,
                    397
                ],
                "Transformed_Coordinates": [
                    72,
                    23
                ]
            },
            "74": {
                "BBox": [
                    615,
                    243,
                    624,
                    277
                ],
                "Confidence": 0.7260215282440186,
                "Bottom_center": [
                    619,
                    277
                ],
                "Transformed_Coordinates": [
                    51,
                    42
                ]
            },
            "75": {
                "BBox": [
                    730,
                    360,
                    744,
                    408
                ],
                "Confidence": 0.8750675916671753,
                "Bottom_center": [
                    737,
                    408
                ],
                "Transformed_Coordinates": [
                    55,
                    22
                ]
            },
            "77": {
                "BBox": [
                    638,
                    243,
                    657,
                    273
                ],
                "Confidence": 0.5616151690483093,
                "Bottom_center": [
                    647,
                    273
                ],
                "Transformed_Coordinates": [
                    52,
                    42
                ]
            },
            "117": {
                "BBox": [
                    810,
                    237,
                    823,
                    271
                ],
                "Confidence": 0.8670832514762878,
                "Bottom_center": [
                    816,
                    271
                ],
                "Transformed_Coordinates": [
                    61,
                    43
                ]
            },
            "10": {
                "BBox": [
                    879,
                    298,
                    892,
                    335
                ],
                "Confidence": 0.8586181998252869,
                "Bottom_center": [
                    885,
                    335
                ],
                "Transformed_Coordinates": [
                    63,
                    31
                ]
            },
            "119": {
                "BBox": [
                    391,
                    463,
                    412,
                    518
                ],
                "Confidence": 0.892540693283081,
                "Bottom_center": [
                    401,
                    518
                ],
                "Transformed_Coordinates": [
                    44,
                    11
                ]
            },
            "124": {
                "BBox": [
                    1219,
                    476,
                    1240,
                    535
                ],
                "Confidence": 0.894990086555481,
                "Bottom_center": [
                    1229,
                    535
                ],
                "Transformed_Coordinates": [
                    70,
                    10
                ]
            },
            "128": {
                "BBox": [
                    129,
                    287,
                    142,
                    327
                ],
                "Confidence": 0.868860125541687,
                "Bottom_center": [
                    135,
                    327
                ],
                "Transformed_Coordinates": [
                    29,
                    33
                ]
            },
            "136": {
                "BBox": [
                    877,
                    475,
                    896,
                    532
                ],
                "Confidence": 0.8856692314147949,
                "Bottom_center": [
                    886,
                    532
                ],
                "Transformed_Coordinates": [
                    59,
                    10
                ]
            },
            "14": {
                "BBox": [
                    606,
                    646,
                    657,
                    702
                ],
                "Confidence": 0.8462237119674683,
                "Bottom_center": [
                    631,
                    702
                ],
                "Transformed_Coordinates": [
                    52,
                    0
                ]
            },
            "121": {
                "BBox": [
                    1163,
                    292,
                    1180,
                    334
                ],
                "Confidence": 0.8815430998802185,
                "Bottom_center": [
                    1171,
                    334
                ],
                "Transformed_Coordinates": [
                    75,
                    31
                ]
            },
            "120": {
                "BBox": [
                    1075,
                    244,
                    1087,
                    279
                ],
                "Confidence": 0.8849083185195923,
                "Bottom_center": [
                    1081,
                    279
                ],
                "Transformed_Coordinates": [
                    74,
                    41
                ]
            },
            "137": {
                "BBox": [
                    1029,
                    383,
                    1042,
                    434
                ],
                "Confidence": 0.8738219738006592,
                "Bottom_center": [
                    1035,
                    434
                ],