{
    "Coordinates": {
        "Player": {
            "1": {
                "BBox": [
                    386,
                    501,
                    409,
                    557
                ],
                "Confidence": 0.9107680320739746,
                "Bottom_center": [
                    397,
                    557
                ],
                "Transformed_Coordinates": [
                    44,
                    11
                ]
            },
            "7": {
                "BBox": [
                    629,
                    431,
                    645,
                    484
                ],
                "Confidence": 0.7748191952705383,
                "Bottom_center": [
                    637,
                    484
                ],
                "Transformed_Coordinates": [
                    52,
                    18
                ]
            },
            "14": {
                "BBox": [
                    618,
                    579,
                    641,
                    647
                ],
                "Confidence": 0.8773139119148254,
                "Bottom_center": [
                    629,
                    647
                ],
                "Transformed_Coordinates": [
                    52,
                    4
                ]
            },
            "19": {
                "BBox": [
                    628,
                    524,
                    644,
                    587
                ],
                "Confidence": 0.6016292572021484,
                "Bottom_center": [
                    636,
                    587
                ],
                "Transformed_Coordinates": [
                    52,
                    9
                ]
            },
            "24": {
                "BBox": [
                    471,
                    384,
                    492,
                    424
                ],
                "Confidence": 0.8502283692359924,
                "Bottom_center": [
                    481,
                    424
                ],
                "Transformed_Coordinates": [
                    45,
                    25
                ]
            },
            "32": {
                "BBox": [
                    115,
                    321,
                    134,
                    358
                ],
                "Confidence": 0.8750902414321899,
                "Bottom_center": [
                    124,
                    358
                ],
                "Transformed_Coordinates": [
                    29,
                    34
                ]
            },
            "34": {
                "BBox": [
                    667,
                    319,
                    682,
                    364
                ],
                "Confidence": 0.8776413202285767,
                "Bottom_center": [
                    674,
                    364
                ],
                "Transformed_Coordinates": [
                    53,
                    33
                ]
            },
            "8": {
                "BBox": [
                    1067,
                    385,
                    1095,
                    416
                ],
                "Confidence": 0.7086689472198486,
                "Bottom_center": [
                    1081,
                    416
                ],
                "Transformed_Coordinates": [
                    70,
                    26
                ]
            },
            "43": {
                "BBox": [
                    636,
                    271,
                    648,
                    299
                ],
                "Confidence": 0.4773162603378296,
                "Bottom_center": [
                    642,
                    299
                ],
                "Transformed_Coordinates": [
                    52,
                    45
                ]
            },
            "46": {
                "BBox": [
                    874,
                    358,
                    888,
                    404
                ],
                "Confidence": 0.8073338270187378,
                "Bottom_center": [
                    881,
                    404
                ],
                "Transformed_Coordinates": [
                    62,
                    28
                ]
            },
            "48": {
                "BBox": [
                    1002,
                    289,
                    1016,
                    329
                ],
                "Confidence": 0.865044116973877,
                "Bottom_center": [
                    1009,
                    329
                ],
                "Transformed_Coordinates": [
                    69,
                    39
                ]
            },
            "64": {
                "BBox": [
                    329,
                    330,
                    346,
                    374
                ],
                "Confidence": 0.8936284184455872,
                "Bottom_center": [
                    337,
                    374
                ],
                "Transformed_Coordinates": [
                    39,
                    32
                ]
            },
            "74": {
                "BBox": [
                    621,
                    275,
                    632,
                    309
                ],
                "Confidence": 0.8567363619804382,
                "Bottom_center": [
                    626,
                    309
                ],
                "Transformed_Coordinates": [
                    51,
                    43
                ]
            },
            "75": {
                "BBox": [
                    827,
                    399,
                    845,
                    447
                ],
                "Confidence": 0.8671438097953796,
                "Bottom_center": [
                    836,
                    447
                ],
                "Transformed_Coordinates": [
                    59,
                    22
                ]
            },
            "77": {
                "BBox": [
                    671,
                    273,
                    684,
                    309
                ],
                "Confidence": 0.8566630482673645,
                "Bottom_center": [
                    677,
                    309
                ],
                "Transformed_Coordinates": [
                    53,
                    43
                ]
            },
            "10": {
                "BBox": [
                    889,
                    321,
                    901,
                    359
                ],
                "Confidence": 0.6009659767150879,
                "Bottom_center": [
                    895,
                    359
                ],
                "Transformed_Coordinates": [
                    63,
                    34
                ]
            },
            "13": {
                "BBox": [
                    1021,
                    301,
                    1039,
                    341
                ],
                "Confidence": 0.8467869162559509,
                "Bottom_center": [
                    1030,
                    341
                ],
                "Transformed_Coordinates": [
                    70,
                    37
                ]
            }
        }
    },
    "Time": "0.000000:0.000000",
    "Keypoints": {
        "T_TOUCH_AND_HALFWAY_LINES_INTERSECTION": [
            648,
            211
        ],
        "CENTER_CIRCLE_TANGENT_TR": [
            840,
            346
        ],
        "CENTER_CIRCLE_TANGENT_TL": [
            448,
            346
        ],
        "CENTER_CIRCLE_TANGENT_BL": [
            439,
            378
        ],