{
    "Coordinates": {
        "Player": {
            "7": {
                "BBox": [
                    627,
                    420,
                    644,
                    473
                ],
                "Confidence": 0.8056299090385437,
                "Bottom_center": [
                    635,
                    473
                ],
                "Transformed_Coordinates": [
                    52,
                    19
                ]
            },
            "14": {
                "BBox": [
                    626,
                    585,
                    649,
                    655
                ],
                "Confidence": 0.8674269914627075,
                "Bottom_center": [
                    637,
                    655
                ],
                "Transformed_Coordinates": [
                    52,
                    6
                ]
            },
            "19": {
                "BBox": [
                    625,
                    513,
                    648,
                    580
                ],
                "Confidence": 0.7739928364753723,
                "Bottom_center": [
                    636,
                    580
                ],
                "Transformed_Coordinates": [
                    52,
                    11
                ]
            },
            "24": {
                "BBox": [
                    473,
                    379,
                    496,
                    414
                ],
                "Confidence": 0.8163868188858032,
                "Bottom_center": [
                    484,
                    414
                ],
                "Transformed_Coordinates": [
                    46,
                    25
                ]
            },
            "32": {
                "BBox": [
                    116,
                    311,
                    134,
                    347
                ],
                "Confidence": 0.871613621711731,
                "Bottom_center": [
                    125,
                    347
                ],
                "Transformed_Coordinates": [
                    28,
                    34
                ]
            },
            "34": {
                "BBox": [
                    669,
                    309,
                    682,
                    353
                ],
                "Confidence": 0.8781855702400208,
                "Bottom_center": [
                    675,
                    353
                ],
                "Transformed_Coordinates": [
                    53,
                    33
                ]
            },
            "8": {
                "BBox": [
                    1069,
                    376,
                    1096,
                    406
                ],
                "Confidence": 0.7186371684074402,
                "Bottom_center": [
                    1082,
                    406
                ],
                "Transformed_Coordinates": [
                    69,
                    26
                ]
            },
            "43": {
                "BBox": [
                    636,
                    261,
                    650,
                    289
                ],
                "Confidence": 0.3580362796783447,
                "Bottom_center": [
                    643,
                    289
                ],
                "Transformed_Coordinates": [
                    52,
                    44
                ]
            },
            "48": {
                "BBox": [
                    1008,
                    272,
                    1023,
                    310
                ],
                "Confidence": 0.8712184429168701,
                "Bottom_center": [
                    1015,
                    310
                ],
                "Transformed_Coordinates": [
                    69,
                    39
                ]
            },
            "64": {
                "BBox": [
                    331,
                    317,
                    348,
                    360
                ],
                "Confidence": 0.8872342109680176,
                "Bottom_center": [
                    339,
                    360
                ],
                "Transformed_Coordinates": [
                    39,
                    32
                ]
            },
            "74": {
                "BBox": [
                    627,
                    264,
                    637,
                    300
                ],
                "Confidence": 0.7704831957817078,
                "Bottom_center": [
                    632,
                    300
                ],
                "Transformed_Coordinates": [
                    51,
                    42
                ]
            },
            "75": {
                "BBox": [
                    819,
                    395,
                    837,
                    445
                ],
                "Confidence": 0.8790454864501953,
                "Bottom_center": [
                    828,
                    445
                ],
                "Transformed_Coordinates": [
                    59,
                    22
                ]
            },
            "77": {
                "BBox": [
                    681,
                    258,
                    696,
                    295
                ],
                "Confidence": 0.8613038063049316,
                "Bottom_center": [
                    688,
                    295
                ],
                "Transformed_Coordinates": [
                    54,
                    43
                ]
            },
            "13": {
                "BBox": [
                    1052,
                    294,
                    1073,
                    334
                ],
                "Confidence": 0.86784428358078,
                "Bottom_center": [
                    1062,
                    334
                ],
                "Transformed_Coordinates": [
                    70,
                    36
                ]
            },
            "91": {
                "BBox": [
                    835,
                    471,
                    856,
                    529
                ],
                "Confidence": 0.8896278738975525,
                "Bottom_center": [
                    845,
                    529
                ],
                "Transformed_Coordinates": [
                    58,
                    14
                ]
            },
            "93": {
                "BBox": [
                    361,
                    496,
                    380,
                    551
                ],
                "Confidence": 0.8840345144271851,
                "Bottom_center": [
                    370,
                    551
                ],
                "Transformed_Coordinates": [
                    44,
                    13
                ]
            },
            "17": {
                "BBox": [
                    903,
                    313,
                    914,
                    351
                ],
                "Confidence": 0.8479331135749817,
                "Bottom_center": [
                    908,
                    351
                ],
                "Transformed_Coordinates": [
                    63,
                    33
                ]
            }
        }
    },
    "Time": "0.000000:1.000000",
    "Keypoints": {
        "T_TOUCH_AND_HALFWAY_LINES_INTERSECTION": [
            648,
            198
        ],
        "CENTER_CIRCLE_TANGENT_TR": [
            840,
            333
        ],
        "CENTER_CIRCLE_TANGENT_TL": [
            449,
            333
        ],
        "CENTER_CIRCLE_TANGENT_BR": [
            856,
            365
        ],